,AAPL,AMZN,GME,GOOG,MSFT,NFLX,TSLA
AAPL,1.0,0.48816560143657217,0.15156867403726004,0.5624079316277699,0.5955945652723891,0.2920129406207309,0.3559432419465023
AMZN,0.48816560143657217,1.0,0.12460474757318504,0.60458746496972,0.5664093450321457,0.43487197856837656,0.3515638445021031
GME,0.15156867403726004,0.12460474757318504,1.0,0.11726467440971447,0.13221929746184843,0.07101731790658691,0.14227316901643872
GOOG,0.5624079316277699,0.60458746496972,0.11726467440971447,1.0,0.654742561303159,0.3692592914245564,0.33362243365085875
MSFT,0.5955945652723891,0.5664093450321457,0.13221929746184843,0.654742561303159,1.0,0.3403915697934074,0.3546125660492596
NFLX,0.2920129406207309,0.43487197856837656,0.07101731790658691,0.3692592914245564,0.3403915697934074,1.0,0.28221899408997647
TSLA,0.3559432419465023,0.3515638445021031,0.14227316901643872,0.33362243365085875,0.3546125660492596,0.28221899408997647,1.0
