,DIA,IWM,SPY
DIA,1.0,0.9845690831537927,0.9946441874742018
IWM,0.9845690831537927,1.0,0.9788294340386342
SPY,0.9946441874742018,0.9788294340386342,1.0
