,AAPL,AMZN,GME,GOOG,MSFT,NFLX,TSLA
AAPL,1.0,0.9109015014121289,0.7460438060476304,0.9638736704575251,0.9852318898253366,0.8010164627326801,0.9496586053677352
AMZN,0.9109015014121289,1.0,0.6052444996376478,0.9403277221942504,0.9489495079283696,0.9571988772605173,0.82173935809585
GME,0.7460438060476304,0.6052444996376478,1.0,0.7673020497060254,0.7254492880691923,0.49931297872438346,0.8336246682787405
GOOG,0.9638736704575251,0.9403277221942504,0.7673020497060254,1.0,0.9813478842669424,0.8638539917015048,0.9144480717203586
MSFT,0.9852318898253366,0.9489495079283696,0.7254492880691923,0.9813478842669424,1.0,0.8655426222031131,0.9196001538962464
NFLX,0.8010164627326801,0.9571988772605173,0.49931297872438346,0.8638539917015048,0.8655426222031131,1.0,0.695146091895652
TSLA,0.9496586053677352,0.82173935809585,0.8336246682787405,0.9144480717203586,0.9196001538962464,0.695146091895652,1.0
